<?xml version='1.0' encoding='utf-8' ?>
<!DOCTYPE document SYSTEM "file:///C:/Xilinx/13.1/ISE_DS/ISE/xa9500xl/data/xmlReport9kxl.dtd">
<document><ascFile>FPGADevice.rpt</ascFile><devFile>C:/Xilinx/13.1/ISE_DS/ISE/xa9500xl/data/xa9536xl.chp</devFile><mfdFile>FPGADevice.mfd</mfdFile><htmlFile logic_legend="logiclegend.htm" logo="xc9500xl_logo.jpg" pin_legend="pinlegend.htm"/><header date="12- 3-2013" design="FPGADevice" device="XA9536XL" eqnType="1" pkg="VQ44" speed="-15" status="1" statusStr="Successful" swVersion="O.40d" time="  1:46PM" version="1.0"/><pin id="FB1_MC1_PIN40" pinnum="40"/><pin id="FB1_MC2_PIN41" pinnum="41" signal="io_display5_SPECSIG" use="O"/><pin id="FB1_MC3_PIN43" pinnum="43"/><pin id="FB1_MC4_PIN42" pinnum="42"/><pin id="FB1_MC5_PIN44" pinnum="44"/><pin id="FB1_MC6_PIN2" pinnum="2"/><pin id="FB1_MC7_PIN1" pinnum="1"/><pin id="FB1_MC8_PIN3" pinnum="3"/><pin id="FB1_MC9_PIN5" pinnum="5" signal="io_display3_SPECSIG" use="O"/><pin id="FB1_MC10_PIN6" pinnum="6"/><pin id="FB1_MC11_PIN7" pinnum="7"/><pin id="FB1_MC12_PIN8" pinnum="8"/><pin id="FB1_MC13_PIN12" pinnum="12"/><pin id="FB1_MC14_PIN13" pinnum="13" signal="io_display1_SPECSIG" use="O"/><pin id="FB1_MC15_PIN14" pinnum="14"/><pin id="FB1_MC16_PIN16" pinnum="16"/><pin id="FB1_MC17_PIN18" pinnum="18"/><pin id="FB2_MC1_PIN39" pinnum="39"/><pin id="FB2_MC2_PIN38" pinnum="38" signal="io_display6_SPECSIG" use="O"/><pin id="FB2_MC3_PIN36" pinnum="36"/><pin id="FB2_MC4_PIN37" pinnum="37"/><pin id="FB2_MC5_PIN34" pinnum="34"/><pin id="FB2_MC6_PIN33" pinnum="33"/><pin id="FB2_MC7_PIN32" pinnum="32"/><pin id="FB2_MC8_PIN31" pinnum="31" signal="io_display4_SPECSIG" use="O"/><pin id="FB2_MC9_PIN30" pinnum="30"/><pin id="FB2_MC10_PIN29" pinnum="29"/><pin id="FB2_MC11_PIN28" pinnum="28"/><pin id="FB2_MC12_PIN27" pinnum="27" signal="io_display2_SPECSIG" use="O"/><pin id="FB2_MC13_PIN23" pinnum="23"/><pin id="FB2_MC14_PIN22" pinnum="22"/><pin id="FB2_MC15_PIN21" pinnum="21"/><pin id="FB2_MC16_PIN20" pinnum="20" signal="io_display0_SPECSIG" use="O"/><pin id="FB2_MC17_PIN19" pinnum="19"/><fblock id="FB1" inputUse="0" pinUse="3"><macrocell id="FB1_MC1" pin="FB1_MC1_PIN40"/><macrocell id="FB1_MC2" pin="FB1_MC2_PIN41" pwr="LOW" sigUse="0" signal="io_display5_SPECSIG"/><macrocell id="FB1_MC3" pin="FB1_MC3_PIN43"/><macrocell id="FB1_MC4" pin="FB1_MC4_PIN42"/><macrocell id="FB1_MC5" pin="FB1_MC5_PIN44"/><macrocell id="FB1_MC6" pin="FB1_MC6_PIN2"/><macrocell id="FB1_MC7" pin="FB1_MC7_PIN1"/><macrocell id="FB1_MC8" pin="FB1_MC8_PIN3"/><macrocell id="FB1_MC9" pin="FB1_MC9_PIN5" pwr="LOW" sigUse="0" signal="io_display3_SPECSIG"/><macrocell id="FB1_MC10" pin="FB1_MC10_PIN6"/><macrocell id="FB1_MC11" pin="FB1_MC11_PIN7"/><macrocell id="FB1_MC12" pin="FB1_MC12_PIN8"/><macrocell id="FB1_MC13" pin="FB1_MC13_PIN12"/><macrocell id="FB1_MC14" pin="FB1_MC14_PIN13" pwr="LOW" sigUse="0" signal="io_display1_SPECSIG"/><macrocell id="FB1_MC15" pin="FB1_MC15_PIN14"/><macrocell id="FB1_MC16" pin="FB1_MC16_PIN16"/><macrocell id="FB1_MC17" pin="FB1_MC17_PIN18"/><macrocell id="FB1_MC18"/><equation id="io_display5_SPECSIG"><d2><eq_pterm ptindx="GND"/></d2></equation><equation id="io_display3_SPECSIG"><d2><eq_pterm ptindx="GND"/></d2></equation><equation id="io_display1_SPECSIG"><d2><eq_pterm ptindx="GND"/></d2></equation></fblock><fblock id="FB2" inputUse="0" pinUse="4"><macrocell id="FB2_MC1" pin="FB2_MC1_PIN39"/><macrocell id="FB2_MC2" pin="FB2_MC2_PIN38" pwr="LOW" sigUse="0" signal="io_display6_SPECSIG"/><macrocell id="FB2_MC3" pin="FB2_MC3_PIN36"/><macrocell id="FB2_MC4" pin="FB2_MC4_PIN37"/><macrocell id="FB2_MC5" pin="FB2_MC5_PIN34"/><macrocell id="FB2_MC6" pin="FB2_MC6_PIN33"/><macrocell id="FB2_MC7" pin="FB2_MC7_PIN32"/><macrocell id="FB2_MC8" pin="FB2_MC8_PIN31" pwr="LOW" sigUse="0" signal="io_display4_SPECSIG"/><macrocell id="FB2_MC9" pin="FB2_MC9_PIN30"/><macrocell id="FB2_MC10" pin="FB2_MC10_PIN29"/><macrocell id="FB2_MC11" pin="FB2_MC11_PIN28"/><macrocell id="FB2_MC12" pin="FB2_MC12_PIN27" pwr="LOW" sigUse="0" signal="io_display2_SPECSIG"/><macrocell id="FB2_MC13" pin="FB2_MC13_PIN23"/><macrocell id="FB2_MC14" pin="FB2_MC14_PIN22"/><macrocell id="FB2_MC15" pin="FB2_MC15_PIN21"/><macrocell id="FB2_MC16" pin="FB2_MC16_PIN20" pwr="LOW" sigUse="0" signal="io_display0_SPECSIG"/><macrocell id="FB2_MC17" pin="FB2_MC17_PIN19"/><macrocell id="FB2_MC18"/><equation id="io_display6_SPECSIG"><d2><eq_pterm ptindx="GND"/></d2></equation><equation id="io_display4_SPECSIG"><d2><eq_pterm ptindx="GND"/></d2></equation><equation id="io_display2_SPECSIG"><d2><eq_pterm ptindx="GND"/></d2></equation><equation id="io_display0_SPECSIG"><d2><eq_pterm ptindx="GND"/></d2></equation></fblock><vcc/><gnd/><messages><warning>Cpld - Unable to retrieve the path to the iSE Project Repository. Will   use the default filename of 'FPGADevice.ise'.</warning><warning>Cpld:1006 - Design 'FPGADevice' has no inputs.</warning></messages><compOpts exhaust="OFF" gclkopt="ON" gsropt="ON" gtsopt="ON" ignorets="OFF" inputs="54" keepio="OFF" loc="ON" mlopt="ON" optimize="DENSITY" part="xa95*xl-*-*" power="LOW" prld="LOW" pterms="25" slew="FAST" terminate="KEEPER" unused="OFF" wysiwyg="OFF"/><specSig signal="io_display5_SPECSIG" value="io_display&lt;5&gt;"/><specSig signal="io_display3_SPECSIG" value="io_display&lt;3&gt;"/><specSig signal="io_display1_SPECSIG" value="io_display&lt;1&gt;"/><specSig signal="io_display6_SPECSIG" value="io_display&lt;6&gt;"/><specSig signal="io_display4_SPECSIG" value="io_display&lt;4&gt;"/><specSig signal="io_display2_SPECSIG" value="io_display&lt;2&gt;"/><specSig signal="io_display0_SPECSIG" value="io_display&lt;0&gt;"/></document>
