<?xml version="1.0"?>
<DARoots Version="1" Minor="12">
	<FileSet Name="sources_1" Type="DesignSrcs" RelSrcDir="$PSRCDIR/sources_1">
		<Filter Type="Srcs"/>
		<File Path="$PPRDIR/../../Temp/MIPS-Parts.V">
		</File>
		<File Path="$PPRDIR/../../Temp/Control.V">
		</File>
		<File Path="$PPRDIR/../../Temp/PMIPSL0.V">
		</File>
		<File Path="$PPRDIR/../../Temp/IM3.V">
		</File>
		<File Path="$PPRDIR/../../Temp/SubProject3FPGA.V">
		</File>
		<Config>
			<Option Name="DesignMode" Val="RTL"/>
			<Option Name="TopModule" Val="FPGADevice"/>
		</Config>
	</FileSet>
</DARoots>

