<?xml version="1.0"?>
<DARoots Version="1" Minor="12">
	<FileSet Name="constrs_1" Type="Constrs" RelSrcDir="$PSRCDIR/constrs_1">
		<Filter Type="Constrs"/>
		<File Path="$PPRDIR/../FPGADevice.ucf">
		</File>
		<File Path="$PDATADIR/constrs_1/designprops.xml">
			<FileInfo SFType="CompatPartsDb"/>
		</File>
		<File Path="$PDATADIR/constrs_1/usercols.xml">
			<FileInfo SFType="UserColsDb"/>
		</File>
		<Config>
			<Option Name="TargetPart" Val="xc3s100ecp132-4"/>
		</Config>
	</FileSet>
</DARoots>

