<?xml version="1.0"?>
<DARoots Version="1" Minor="12">
	<FileSet Name="sources_1" Type="DesignSrcs" RelSrcDir="$PSRCDIR/sources_1">
		<Filter Type="EDIFSrcs"/>
		<File Path="$PPRDIR/../FPGADevice.ngc">
		</File>
		<File Path="$PDATADIR/sources_1/ports.xml">
			<FileInfo SFType="PortsDb"/>
		</File>
		<File Path="$PDATADIR/sources_1/chipscope.xml">
			<FileInfo SFType="ChipscopeDb"/>
		</File>
		<Config>
			<Option Name="DesignMode" Val="GateLvl"/>
			<Option Name="GateLvlMode" Val="EDIF"/>
			<Option Name="TopFile" Val="$PPRDIR/../FPGADevice.ngc"/>
		</Config>
	</FileSet>
</DARoots>

